{
  "generated_at": "2026-04-22T01:33:44.967150+00:00",
  "runtime": "mock",
  "input_backend": "keyboard",
  "platform": {
    "system": "Windows",
    "release": "11",
    "machine": "AMD64",
    "python": "3.14.0"
  },
  "config": {
    "cycles": 10,
    "map_nav": 0,
    "region_nav": 0,
    "max_ticks": 500
  },
  "selection": {
    "selected_region_id": "map_a_r1"
  },
  "sampling": {
    "boot_elapsed_s": 0.0015833000070415437,
    "recognized_count": 10,
    "recording_seen_count": 0,
    "recorded_delta_count": 10,
    "baseline_records_total": 181,
    "final_records_total": 191,
    "capture_to_display_s": {
      "count": 10,
      "min_s": 0.00033450001501478255,
      "max_s": 0.0012049000069964677,
      "mean_s": 0.0006875800027046353,
      "median_s": 0.000556650004000403,
      "p95_s": 0.0011971150001045317,
      "p99_s": 0.0012033430056180804,
      "stdev_s": 0.0003156021921397011
    },
    "full_cycle_s": {
      "count": 10,
      "min_s": 0.0041526000131852925,
      "max_s": 0.013266800000565127,
      "mean_s": 0.0077082599978894,
      "median_s": 0.0065525999962119386,
      "p95_s": 0.012707359997148159,
      "p99_s": 0.013154911999881733,
      "stdev_s": 0.0030245784480560367
    }
  },
  "stats": {
    "items_count": 1,
    "total_pages": 1
  },
  "pass": {
    "state_flow_completed": true,
    "recognized_exists": true,
    "recording_path_seen": true,
    "stats_has_items": true,
    "overall": true
  },
  "cycle_details": [
    {
      "recognized": true,
      "display_name": "Aloe Vera",
      "capture_to_display_s": 0.0004901000065729022,
      "full_cycle_s": 0.010330499993870035,
      "ticks_to_display": 1,
      "ticks_to_preview": 1,
      "recording_seen": false
    },
    {
      "recognized": true,
      "display_name": "Aloe Vera",
      "capture_to_display_s": 0.00048210000386461616,
      "full_cycle_s": 0.006687399989459664,
      "ticks_to_display": 1,
      "ticks_to_preview": 1,
      "recording_seen": false
    },
    {
      "recognized": true,
      "display_name": "Aloe Vera",
      "capture_to_display_s": 0.0005173000099603087,
      "full_cycle_s": 0.0064178000029642135,
      "ticks_to_display": 1,
      "ticks_to_preview": 1,
      "recording_seen": false
    },
    {
      "recognized": true,
      "display_name": "Aloe Vera",
      "capture_to_display_s": 0.00033450001501478255,
      "full_cycle_s": 0.0049897000135388225,
      "ticks_to_display": 1,
      "ticks_to_preview": 1,
      "recording_seen": false
    },
    {
      "recognized": true,
      "display_name": "Aloe Vera",
      "capture_to_display_s": 0.0005959999980404973,
      "full_cycle_s": 0.008563299983507022,
      "ticks_to_display": 1,
      "ticks_to_preview": 1,
      "recording_seen": false
    },
    {
      "recognized": true,
      "display_name": "Aloe Vera",
      "capture_to_display_s": 0.0006221999938134104,
      "full_cycle_s": 0.004966500011505559,
      "ticks_to_display": 1,
      "ticks_to_preview": 1,
      "recording_seen": false
    },
    {
      "recognized": true,
      "display_name": "Aloe Vera",
      "capture_to_display_s": 0.00038240000139921904,
      "full_cycle_s": 0.0041526000131852925,
      "ticks_to_display": 1,
      "ticks_to_preview": 1,
      "recording_seen": false
    },
    {
      "recognized": true,
      "display_name": "Aloe Vera",
      "capture_to_display_s": 0.0011875999916810542,
      "full_cycle_s": 0.012023599992971867,
      "ticks_to_display": 1,
      "ticks_to_preview": 1,
      "recording_seen": false
    },
    {
      "recognized": true,
      "display_name": "Aloe Vera",
      "capture_to_display_s": 0.0012049000069964677,
      "full_cycle_s": 0.013266800000565127,
      "ticks_to_display": 1,
      "ticks_to_preview": 1,
      "recording_seen": false
    },
    {
      "recognized": true,
      "display_name": "Aloe Vera",
      "capture_to_display_s": 0.0010586999997030944,
      "full_cycle_s": 0.005684399977326393,
      "ticks_to_display": 1,
      "ticks_to_preview": 1,
      "recording_seen": false
    }
  ],
  "state_trace_tail": [
    "HOME",
    "MAP_SELECT",
    "REGION_SELECT",
    "PREVIEW",
    "REGION_SELECT",
    "STATS"
  ]
}