{
  "generated_at": "2026-04-22T01:33:44.401647+00:00",
  "runtime": "mock",
  "input_backend": "keyboard",
  "platform": {
    "system": "Windows",
    "release": "11",
    "machine": "AMD64",
    "python": "3.14.0"
  },
  "sampling": {
    "samples": 20,
    "warmup": 3,
    "sleep_s": 0.01,
    "boot_elapsed_s": 0.0011557000107131898
  },
  "budget_s": {
    "capture_s": 0.2,
    "infer_s": 2.5,
    "full_flow_s": 3.0
  },
  "metrics": {
    "capture_s": {
      "count": 20,
      "min_s": 1.9999861251562834e-06,
      "max_s": 1.8699996871873736e-05,
      "mean_s": 1.0940001811832189e-05,
      "median_s": 1.1049996828660369e-05,
      "p95_s": 1.632500643609092e-05,
      "p99_s": 1.822499878471717e-05,
      "stdev_s": 3.236110815211059e-06
    },
    "infer_s": {
      "count": 20,
      "min_s": 2.300000051036477e-05,
      "max_s": 0.00017220000154338777,
      "mean_s": 9.62650025030598e-05,
      "median_s": 8.739999611862004e-05,
      "p95_s": 0.000160135020269081,
      "p99_s": 0.00016978700528852642,
      "stdev_s": 3.330200422307951e-05
    },
    "full_flow_s": {
      "count": 20,
      "min_s": 2.4999986635521054e-05,
      "max_s": 0.0001908999984152615,
      "mean_s": 0.00010720500431489199,
      "median_s": 9.804998990148306e-05,
      "p95_s": 0.0001720899934298359,
      "p99_s": 0.00018713799741817638,
      "stdev_s": 3.608027948956429e-05
    }
  },
  "recognition": {
    "recognized_count": 20,
    "recognized_ratio": 1.0,
    "average_confidence": 0.9200000000000002
  },
  "pass": {
    "capture_p95": true,
    "infer_p95": true,
    "full_flow_p95": true,
    "overall": true
  }
}