{
  "generated_at": "2026-04-21T04:58:52.421203+00:00",
  "runtime": "mock",
  "input_backend": "keyboard",
  "platform": {
    "system": "Windows",
    "release": "11",
    "machine": "AMD64",
    "python": "3.14.0"
  },
  "config": {
    "cycles": 10,
    "map_nav": 0,
    "region_nav": 0,
    "max_ticks": 500
  },
  "selection": {
    "selected_region_id": "map_a_r1"
  },
  "sampling": {
    "boot_elapsed_s": 0.002555200000642799,
    "recognized_count": 10,
    "recording_seen_count": 0,
    "recorded_delta_count": 10,
    "baseline_records_total": 61,
    "final_records_total": 71,
    "capture_to_display_s": {
      "count": 10,
      "min_s": 0.0005006999999750406,
      "max_s": 0.0008360000065295026,
      "mean_s": 0.000624559998686891,
      "median_s": 0.0005983000010019168,
      "p95_s": 0.0008134999989124481,
      "p99_s": 0.0008315000050060917,
      "stdev_s": 0.00010125421736692369
    },
    "full_cycle_s": {
      "count": 10,
      "min_s": 0.0051807999989250675,
      "max_s": 0.007107299999915995,
      "mean_s": 0.0059488899976713585,
      "median_s": 0.005909149993385654,
      "p95_s": 0.0067884300013247405,
      "p99_s": 0.007043526000197744,
      "stdev_s": 0.000557885746427285
    }
  },
  "stats": {
    "items_count": 1,
    "total_pages": 1
  },
  "pass": {
    "state_flow_completed": true,
    "recognized_exists": true,
    "recording_path_seen": true,
    "stats_has_items": true,
    "overall": true
  },
  "cycle_details": [
    {
      "recognized": true,
      "display_name": "Aloe Vera",
      "capture_to_display_s": 0.0006223999953363091,
      "full_cycle_s": 0.007107299999915995,
      "ticks_to_display": 1,
      "ticks_to_preview": 1,
      "recording_seen": false
    },
    {
      "recognized": true,
      "display_name": "Aloe Vera",
      "capture_to_display_s": 0.0008360000065295026,
      "full_cycle_s": 0.006321100008790381,
      "ticks_to_display": 1,
      "ticks_to_preview": 1,
      "recording_seen": false
    },
    {
      "recognized": true,
      "display_name": "Aloe Vera",
      "capture_to_display_s": 0.0005445999995572492,
      "full_cycle_s": 0.005189000003156252,
      "ticks_to_display": 1,
      "ticks_to_preview": 1,
      "recording_seen": false
    },
    {
      "recognized": true,
      "display_name": "Aloe Vera",
      "capture_to_display_s": 0.0005988000048091635,
      "full_cycle_s": 0.0058354999928269535,
      "ticks_to_display": 1,
      "ticks_to_preview": 1,
      "recording_seen": false
    },
    {
      "recognized": true,
      "display_name": "Aloe Vera",
      "capture_to_display_s": 0.0005535999953281134,
      "full_cycle_s": 0.005498999991687015,
      "ticks_to_display": 1,
      "ticks_to_preview": 1,
      "recording_seen": false
    },
    {
      "recognized": true,
      "display_name": "Aloe Vera",
      "capture_to_display_s": 0.0005977999971946701,
      "full_cycle_s": 0.006139199991594069,
      "ticks_to_display": 1,
      "ticks_to_preview": 1,
      "recording_seen": false
    },
    {
      "recognized": true,
      "display_name": "Aloe Vera",
      "capture_to_display_s": 0.0006393000076059252,
      "full_cycle_s": 0.006398700003046542,
      "ticks_to_display": 1,
      "ticks_to_preview": 1,
      "recording_seen": false
    },
    {
      "recognized": true,
      "display_name": "Aloe Vera",
      "capture_to_display_s": 0.0007859999896027148,
      "full_cycle_s": 0.005970599988359027,
      "ticks_to_display": 1,
      "ticks_to_preview": 1,
      "recording_seen": false
    },
    {
      "recognized": true,
      "display_name": "Aloe Vera",
      "capture_to_display_s": 0.0005006999999750406,
      "full_cycle_s": 0.005847699998412281,
      "ticks_to_display": 1,
      "ticks_to_preview": 1,
      "recording_seen": false
    },
    {
      "recognized": true,
      "display_name": "Aloe Vera",
      "capture_to_display_s": 0.000566399990930222,
      "full_cycle_s": 0.0051807999989250675,
      "ticks_to_display": 1,
      "ticks_to_preview": 1,
      "recording_seen": false
    }
  ],
  "state_trace_tail": [
    "HOME",
    "MAP_SELECT",
    "REGION_SELECT",
    "PREVIEW",
    "REGION_SELECT",
    "STATS"
  ]
}