{
  "generated_at": "2026-04-20T09:18:51.157577+00:00",
  "runtime": "mock",
  "input_backend": "keyboard",
  "platform": {
    "system": "Windows",
    "release": "11",
    "machine": "AMD64",
    "python": "3.14.0"
  },
  "sampling": {
    "samples": 20,
    "warmup": 3,
    "sleep_s": 0.01,
    "boot_elapsed_s": 0.0008786999987933086
  },
  "budget_s": {
    "capture_s": 0.2,
    "infer_s": 2.5,
    "full_flow_s": 3.0
  },
  "metrics": {
    "capture_s": {
      "count": 20,
      "min_s": 4.100000296602957e-06,
      "max_s": 2.0400000721565448e-05,
      "mean_s": 1.1890000132552814e-05,
      "median_s": 1.140000040322775e-05,
      "p95_s": 1.802499991754303e-05,
      "p99_s": 1.992500056076096e-05,
      "stdev_s": 3.596790290528259e-06
    },
    "infer_s": {
      "count": 20,
      "min_s": 4.549999903247226e-05,
      "max_s": 0.0004915999998047482,
      "mean_s": 0.0001440349999029422,
      "median_s": 0.00011054999959014822,
      "p95_s": 0.00035289999950691717,
      "p99_s": 0.00046385999974518183,
      "stdev_s": 0.00010043394477683879
    },
    "full_flow_s": {
      "count": 20,
      "min_s": 4.959999932907522e-05,
      "max_s": 0.0005053000004409114,
      "mean_s": 0.00015592500003549503,
      "median_s": 0.00012109999988751952,
      "p95_s": 0.0003646999994998624,
      "p99_s": 0.0004771800002527014,
      "stdev_s": 0.00010192877848448266
    }
  },
  "recognition": {
    "recognized_count": 20,
    "recognized_ratio": 1.0,
    "average_confidence": 0.9200000000000002
  },
  "pass": {
    "capture_p95": true,
    "infer_p95": true,
    "full_flow_p95": true,
    "overall": true
  }
}