{
  "generated_at": "2026-04-21T05:20:58.212682+00:00",
  "runtime": "mock",
  "input_backend": "keyboard",
  "platform": {
    "system": "Windows",
    "release": "11",
    "machine": "AMD64",
    "python": "3.14.0"
  },
  "config": {
    "cycles": 10,
    "map_nav": 0,
    "region_nav": 0,
    "max_ticks": 500
  },
  "selection": {
    "selected_region_id": "map_a_r1"
  },
  "sampling": {
    "boot_elapsed_s": 0.001178299993625842,
    "recognized_count": 10,
    "recording_seen_count": 0,
    "recorded_delta_count": 10,
    "baseline_records_total": 71,
    "final_records_total": 81,
    "capture_to_display_s": {
      "count": 10,
      "min_s": 0.00017780000052880496,
      "max_s": 0.0030232999997679144,
      "mean_s": 0.0007536599980085157,
      "median_s": 0.0002781000002869405,
      "p95_s": 0.0027924949972657482,
      "p99_s": 0.002977138999267481,
      "stdev_s": 0.0010137706750477087
    },
    "full_cycle_s": {
      "count": 10,
      "min_s": 0.0038250999932643026,
      "max_s": 0.007959299997310154,
      "mean_s": 0.005106099997647107,
      "median_s": 0.004252400001860224,
      "p95_s": 0.007715039997128769,
      "p99_s": 0.007910447997273877,
      "stdev_s": 0.0015540524757087202
    }
  },
  "stats": {
    "items_count": 1,
    "total_pages": 1
  },
  "pass": {
    "state_flow_completed": true,
    "recognized_exists": true,
    "recording_path_seen": true,
    "stats_has_items": true,
    "overall": true
  },
  "cycle_details": [
    {
      "recognized": true,
      "display_name": "Aloe Vera",
      "capture_to_display_s": 0.00017780000052880496,
      "full_cycle_s": 0.007959299997310154,
      "ticks_to_display": 1,
      "ticks_to_preview": 1,
      "recording_seen": false
    },
    {
      "recognized": true,
      "display_name": "Aloe Vera",
      "capture_to_display_s": 0.0002910999901359901,
      "full_cycle_s": 0.0038348999951267615,
      "ticks_to_display": 1,
      "ticks_to_preview": 1,
      "recording_seen": false
    },
    {
      "recognized": true,
      "display_name": "Aloe Vera",
      "capture_to_display_s": 0.00026190000062342733,
      "full_cycle_s": 0.0038250999932643026,
      "ticks_to_display": 1,
      "ticks_to_preview": 1,
      "recording_seen": false
    },
    {
      "recognized": true,
      "display_name": "Aloe Vera",
      "capture_to_display_s": 0.0001931000006152317,
      "full_cycle_s": 0.004232100007357076,
      "ticks_to_display": 1,
      "ticks_to_preview": 1,
      "recording_seen": false
    },
    {
      "recognized": true,
      "display_name": "Aloe Vera",
      "capture_to_display_s": 0.0030232999997679144,
      "full_cycle_s": 0.007416499996907078,
      "ticks_to_display": 1,
      "ticks_to_preview": 1,
      "recording_seen": false
    },
    {
      "recognized": true,
      "display_name": "Aloe Vera",
      "capture_to_display_s": 0.0002868000010494143,
      "full_cycle_s": 0.004207500009215437,
      "ticks_to_display": 1,
      "ticks_to_preview": 1,
      "recording_seen": false
    },
    {
      "recognized": true,
      "display_name": "Aloe Vera",
      "capture_to_display_s": 0.0002820999943651259,
      "full_cycle_s": 0.004514000000199303,
      "ticks_to_display": 1,
      "ticks_to_preview": 1,
      "recording_seen": false
    },
    {
      "recognized": true,
      "display_name": "Aloe Vera",
      "capture_to_display_s": 0.002510399994207546,
      "full_cycle_s": 0.006920399988302961,
      "ticks_to_display": 1,
      "ticks_to_preview": 1,
      "recording_seen": false
    },
    {
      "recognized": true,
      "display_name": "Aloe Vera",
      "capture_to_display_s": 0.00023599999258294702,
      "full_cycle_s": 0.003878499992424622,
      "ticks_to_display": 1,
      "ticks_to_preview": 1,
      "recording_seen": false
    },
    {
      "recognized": true,
      "display_name": "Aloe Vera",
      "capture_to_display_s": 0.0002741000062087551,
      "full_cycle_s": 0.004272699996363372,
      "ticks_to_display": 1,
      "ticks_to_preview": 1,
      "recording_seen": false
    }
  ],
  "state_trace_tail": [
    "HOME",
    "MAP_SELECT",
    "REGION_SELECT",
    "PREVIEW",
    "REGION_SELECT",
    "STATS"
  ]
}