{
  "generated_at": "2026-04-21T01:00:57.715459+00:00",
  "runtime": "mock",
  "input_backend": "keyboard",
  "platform": {
    "system": "Windows",
    "release": "11",
    "machine": "AMD64",
    "python": "3.14.0"
  },
  "sampling": {
    "samples": 20,
    "warmup": 3,
    "sleep_s": 0.01,
    "boot_elapsed_s": 0.001061999995727092
  },
  "budget_s": {
    "capture_s": 0.2,
    "infer_s": 2.5,
    "full_flow_s": 3.0
  },
  "metrics": {
    "capture_s": {
      "count": 20,
      "min_s": 3.6999990697950125e-06,
      "max_s": 9.700001101009548e-06,
      "mean_s": 5.985001916997135e-06,
      "median_s": 5.449997843243182e-06,
      "p95_s": 8.465005521429703e-06,
      "p99_s": 9.453001985093577e-06,
      "stdev_s": 1.5894249158455257e-06
    },
    "infer_s": {
      "count": 20,
      "min_s": 3.5899996873922646e-05,
      "max_s": 9.310001041740179e-05,
      "mean_s": 5.853000038769096e-05,
      "median_s": 5.225000495556742e-05,
      "p95_s": 8.720999321667478e-05,
      "p99_s": 9.192200697725637e-05,
      "stdev_s": 1.9175118383701007e-05
    },
    "full_flow_s": {
      "count": 20,
      "min_s": 4.0400002035312355e-05,
      "max_s": 0.00010280001151841134,
      "mean_s": 6.45150023046881e-05,
      "median_s": 5.805000546388328e-05,
      "p95_s": 9.567499873810449e-05,
      "p99_s": 0.00010137500896234996,
      "stdev_s": 2.062986404323406e-05
    }
  },
  "recognition": {
    "recognized_count": 20,
    "recognized_ratio": 1.0,
    "average_confidence": 0.9200000000000002
  },
  "pass": {
    "capture_p95": true,
    "infer_p95": true,
    "full_flow_p95": true,
    "overall": true
  }
}